-- =====================================================================
-- Coal Industry Forum — Seed Data
-- =====================================================================
SET NAMES utf8mb4;

-- ---------------- Admin: admin / Admin@2026! ----------------
INSERT INTO `admins` (`username`,`email`,`password_hash`,`full_name`,`role`) VALUES
('admin','info@coalindustry.tj','$2y$12$wB8YHkOXfHJ1xWqQqMqLkO4Y5VYJ8XQXz7s7l/iyAlYzMQqzKmO9C','Администратор форума','superadmin');
-- Hash above is for Admin@2026! — will be regenerated by install.php

-- ---------------- Settings (non-translatable) ----------------
INSERT INTO `settings` (`key_name`,`value`) VALUES
('site_email_info','info@coalindustry.tj'),
('site_email_reg','reg@coalindustry.tj'),
('site_email_noreply','no-reply@coalindustry.tj'),
('site_phone','+992 37 232-00-00'),
('site_telegram','https://t.me/CoalIndustryTJ'),
('site_facebook',''),
('site_instagram',''),
('site_linkedin',''),
('smtp_host','smtp.timeweb.ru'),
('smtp_port','465'),
('smtp_user','no-reply@coalindustry.tj'),
('smtp_password',''),
('smtp_encryption','ssl'),
('smtp_from_name','Coal Industry Forum'),
('default_lang','en'),
('forum_date','2026-11-25'),
('analytics_yandex',''),
('analytics_google','');

-- ---------------- Settings i18n ----------------
INSERT INTO `settings_i18n` (`key_name`,`lang`,`value`) VALUES
('site_name','en','Coal Industry Forum'),
('site_name','ru','Угольный форум'),
('site_name','tj','Форуми Ангишт'),
('site_tagline','en','International Coal Industry Forum · Tajikistan 2026'),
('site_tagline','ru','Международный форум угольной промышленности · Таджикистан 2026'),
('site_tagline','tj','Форуми байналмилалии саноати ангишт · Тоҷикистон 2026'),
('site_venue','en','Kohi Borbad Congress Hall, Dushanbe'),
('site_venue','ru','Конгресс-холл «Кохи Борбад», Душанбе'),
('site_venue','tj','Толори Конгресси «Кохи Борбад», Душанбе'),
('site_address','en','86 Rudaki Avenue, Dushanbe, Republic of Tajikistan'),
('site_address','ru','г. Душанбе, проспект Рудаки, 86, Республика Таджикистан'),
('site_address','tj','ш. Душанбе, хиёбони Рӯдакӣ, 86, Ҷумҳурии Тоҷикистон');

-- ---------------- Pages ----------------
INSERT INTO `pages` (`id`,`slug`,`system`) VALUES
(1,'home',1),
(2,'about',1),
(3,'program',1),
(4,'speakers',1),
(5,'investors',1),
(6,'news',1),
(7,'archive',1),
(8,'register',1),
(9,'contacts',1);

-- ---------------- Page translations ----------------
INSERT INTO `page_translations` (`page_id`,`lang`,`title`,`subtitle`,`meta_title`,`meta_description`,`meta_keywords`) VALUES
(1,'en','Home','International Coal Industry Forum Tajikistan 2026','International Coal Industry Forum Tajikistan 2026 — Dushanbe, November 25','Premier gathering of ministers, investors, and industry leaders shaping the future of Central Asian coal. Dushanbe, November 25, 2026.','coal forum, Tajikistan, mining, Central Asia, energy, Dushanbe 2026'),
(1,'ru','Главная','Международный форум угольной промышленности · Таджикистан 2026','Международный форум угольной промышленности · Таджикистан 2026','Ключевая встреча министров, инвесторов и лидеров отрасли, определяющих будущее угля Центральной Азии. Душанбе, 25 ноября 2026 года.','угольный форум, Таджикистан, горнодобыча, Центральная Азия, энергетика, Душанбе 2026'),
(1,'tj','Саҳифаи асосӣ','Форуми байналмилалии саноати ангишт · Тоҷикистон 2026','Форуми байналмилалии саноати ангишт · Тоҷикистон 2026','Чорабинии калидӣ бо иштироки вазирон, сармоягузорон ва пешсафони соҳа. Душанбе, 25 ноябри 2026.','форуми ангишт, Тоҷикистон, кӯҳкорӣ, Осиёи Марказӣ, Душанбе 2026'),

(2,'en','About the Forum','The first international coal industry event in Tajikistan','About — Coal Industry Forum Tajikistan 2026','Concept, goals, leadership and Tajikistan''s coal sector overview.','about coal forum, Tajikistan coal industry, mining sector'),
(2,'ru','О форуме','Первое международное событие угольной промышленности в Таджикистане','О форуме — Угольный форум Таджикистан 2026','Концепция, цели, руководство и обзор угольного сектора Таджикистана.','о форуме, угольная отрасль Таджикистана, горнодобыча'),
(2,'tj','Дар бораи форум','Аввалин чорабинии байналмилалии саноати ангишт дар Тоҷикистон','Дар бораи форум — Форуми ангишт Тоҷикистон 2026','Консепсия, ҳадафҳо, роҳбарият ва тасвири соҳаи ангишти Тоҷикистон.','дар бораи форум, саноати ангишти Тоҷикистон'),

(3,'en','Program','One-day program: plenary sessions, panels and networking','Program — Coal Industry Forum 2026','Full schedule of the International Coal Industry Forum Tajikistan 2026.','coal forum program, schedule, Dushanbe November 25'),
(3,'ru','Программа','Однодневная программа: пленарные сессии, панели и нетворкинг','Программа — Угольный форум 2026','Полное расписание Международного форума угольной промышленности Таджикистан 2026.','программа угольного форума, расписание, Душанбе 25 ноября'),
(3,'tj','Барнома','Барномаи якрӯза: сессияҳои пленарӣ, панелҳо ва шиносоӣ','Барнома — Форуми ангишт 2026','Ҷадвали пурраи Форуми байналмилалии саноати ангишти Тоҷикистон 2026.','барномаи форуми ангишт, ҷадвал, Душанбе'),

(4,'en','Speakers','Distinguished voices of the coal industry','Speakers — Coal Industry Forum 2026','Leading experts, ministers, and executives speaking at the forum.','coal forum speakers, mining experts, energy ministers'),
(4,'ru','Спикеры','Выдающиеся голоса угольной отрасли','Спикеры — Угольный форум 2026','Ведущие эксперты, министры и руководители, выступающие на форуме.','спикеры угольного форума, эксперты горнодобычи, министры энергетики'),
(4,'tj','Суханварон','Овозҳои бузурги соҳаи ангишт','Суханварон — Форуми ангишт 2026','Коршиносони пешбар, вазирон ва роҳбарон.','суханварони форуми ангишт, коршиносони кӯҳкорӣ'),

(5,'en','For Investors','Strategic opportunities to partner with the forum','Investors — Coal Industry Forum 2026','Premium partnership opportunities for investors and sponsors.','coal forum investors, sponsorship, partnership Tajikistan'),
(5,'ru','Инвесторам','Стратегические возможности партнёрства с форумом','Инвесторам — Угольный форум 2026','Премиум-возможности партнёрства для инвесторов и спонсоров.','инвесторы угольного форума, спонсорство, партнёрство Таджикистан'),
(5,'tj','Барои сармоягузорон','Имкониятҳои стратегии шарикӣ бо форум','Барои сармоягузорон — Форуми ангишт 2026','Имкониятҳои шарикии премиум барои сармоягузорон.','сармоягузорон, шарикӣ, Тоҷикистон'),

(6,'en','News','Latest forum announcements and updates','News — Coal Industry Forum 2026','Official news, announcements, and updates from the forum secretariat.','coal forum news, mining industry news, Tajikistan energy'),
(6,'ru','Новости','Свежие анонсы и обновления форума','Новости — Угольный форум 2026','Официальные новости и обновления от секретариата форума.','новости угольного форума, новости горнодобычи, энергетика Таджикистана'),
(6,'tj','Ахбор','Эълониҳо ва навигариҳои форум','Ахбор — Форуми ангишт 2026','Ахбори расмии форум.','ахбори форуми ангишт, ахбори кӯҳкорӣ'),

(7,'en','Forum Archive','Editions, photos and videos from previous forums','Archive — Coal Industry Forum','Browse the history of the International Coal Industry Forum.','coal forum archive, past editions, photo gallery'),
(7,'ru','Архив форумов','Выпуски, фото и видео прошлых форумов','Архив — Угольный форум','История Международного форума угольной промышленности.','архив угольного форума, прошлые выпуски, галерея'),
(7,'tj','Бойгонии форум','Нашрҳо, аксҳо ва видеоҳои форумҳои гузашта','Бойгонӣ — Форуми ангишт','Таърихи Форуми байналмилалии саноати ангишт.','бойгонии форум, нашрҳои гузашта'),

(8,'en','Registration','Secure your place at the forum','Registration — Coal Industry Forum 2026','Register as a delegate, speaker, press or investor.','coal forum registration, delegate signup, Tajikistan 2026'),
(8,'ru','Регистрация','Забронируйте своё место на форуме','Регистрация — Угольный форум 2026','Зарегистрируйтесь как делегат, спикер, представитель прессы или инвестор.','регистрация угольный форум, заявка делегата, Таджикистан 2026'),
(8,'tj','Сабти ном','Ҷойи худро дар форум таъмин намоед','Сабти ном — Форуми ангишт 2026','Ҳамчун делегат, суханвар, намояндаи матбуот ё сармоягузор сабти ном кунед.','сабти ном форуми ангишт, аризаи делегат'),

(9,'en','Contacts','Reach the forum secretariat','Contacts — Coal Industry Forum 2026','Email, phone, and address of the forum organizing committee.','coal forum contacts, secretariat, organizing committee'),
(9,'ru','Контакты','Свяжитесь с секретариатом форума','Контакты — Угольный форум 2026','Электронная почта, телефон и адрес оргкомитета форума.','контакты угольного форума, секретариат, оргкомитет'),
(9,'tj','Тамосҳо','Бо котиботи форум тамос гиред','Тамосҳо — Форуми ангишт 2026','Почтаи электронӣ, телефон ва суроға.','тамосҳо, котибот, оргкомитет');

-- ---------------- Content blocks ----------------
INSERT INTO `content_blocks` (`id`,`block_key`,`block_type`,`description`) VALUES
(1,'hero.badge','text','Бейдж в шапке главной (дата)'),
(2,'hero.title','text','Главный заголовок hero-секции'),
(3,'hero.subtitle','text','Подзаголовок hero'),
(4,'hero.tagline','text','Слоган форума'),
(5,'hero.cta','text','Текст основной CTA-кнопки'),
(6,'about.brief.title','text','Заголовок блока «О форуме» на главной'),
(7,'about.brief.text','html','Первый абзац о форуме'),
(8,'about.brief.text2','html','Второй абзац о форуме'),
(9,'topics.title','text','Заголовок секции «Ключевые темы»'),
(10,'topics.subtitle','text','Подзаголовок секции тем'),
(11,'partners.title','text','Заголовок секции партнёров'),
(12,'partners.subtitle','text','Подзаголовок партнёров'),
(13,'stats.participants','number','Число участников'),
(14,'stats.countries','number','Число стран'),
(15,'stats.speakers','number','Число спикеров'),
(16,'stats.days','number','Число дней форума'),
(17,'about.concept.p1','html','О форуме — абзац 1'),
(18,'about.concept.p2','html','О форуме — абзац 2'),
(19,'about.concept.p3','html','О форуме — абзац 3'),
(20,'about.coal.p1','html','Угольная промышленность — абзац 1'),
(21,'about.coal.p2','html','Угольная промышленность — абзац 2'),
(22,'about.coal.p3','html','Угольная промышленность — абзац 3'),
(23,'about.leadership.title','text','Заголовок секции руководства'),
(24,'about.leadership.subtitle','text','Подзаголовок секции руководства'),
(25,'investors.intro','html','Вводный текст для инвесторов'),
(26,'investors.cta_note','text','Подпись «свяжитесь с оргкомитетом»');

-- Numeric / global values
INSERT INTO `content_block_values` (`block_id`,`lang`,`value`) VALUES
(13,'_','500'),(14,'_','30'),(15,'_','50'),(16,'_','1');

-- English values
INSERT INTO `content_block_values` (`block_id`,`lang`,`value`) VALUES
(1,'en','November 25, 2026 — Dushanbe'),
(2,'en','International Coal Industry Forum'),
(3,'en','Tajikistan 2026'),
(4,'en','Shaping the future of Central Asian coal: growth, innovation and sustainable development'),
(5,'en','Register Now'),
(6,'en','About the Forum'),
(7,'en','<p>The first-ever International Coal Industry Forum in Tajikistan brings together industry leaders, government officials, investors and experts from across Central Asia and beyond. The forum is organized by the Ministry of Industry and New Technologies of the Republic of Tajikistan.</p>'),
(8,'en','<p>The event showcases Tajikistan''s coal industry potential, fosters international cooperation, and presents modern approaches to mining, environmental sustainability, and investment opportunities.</p>'),
(9,'en','Key Topics'),
(10,'en','Six major directions shaping the future of coal in Central Asia'),
(11,'en','Partners & Sponsors'),
(12,'en','Organizations supporting the development of the coal industry'),
(17,'en','<p>The International Coal Industry Forum Tajikistan 2026 is a landmark event dedicated to the development and modernization of the coal industry in the Republic of Tajikistan and Central Asia as a whole.</p>'),
(18,'en','<p>For the first time, Tajikistan brings together leading experts, government officials, investors, mining companies, and international organizations to discuss the current state and future prospects of the coal industry in the region.</p>'),
(19,'en','<p>The forum serves as a platform for knowledge exchange, business networking, and strategic discussions that will shape the coal industry''s trajectory for years to come.</p>'),
(20,'en','<p>Tajikistan possesses significant coal reserves estimated at over 4 billion tons, with major deposits located in the Fan-Yagnob, Nazarailok, Shurab, and Ziddi basins.</p>'),
(21,'en','<p>The coal industry plays a vital role in the country''s energy security, particularly during winter months when hydropower generation is limited. The government has identified coal sector development as a strategic priority.</p>'),
(22,'en','<p>With growing energy demands and the need for diversified energy sources, Tajikistan''s coal sector offers substantial opportunities for modernization, investment, and international partnership.</p>'),
(23,'en','Forum Leadership'),
(24,'en','Senior officials guiding the development of the coal industry'),
(25,'en','<p>Engage with one of Central Asia''s most strategic industrial events. Connect with ministers, investors and global mining leaders shaping the next decade of energy and resources in the region.</p>'),
(26,'en','For detailed information on partnership opportunities, please contact the organizing committee.');

-- Russian values
INSERT INTO `content_block_values` (`block_id`,`lang`,`value`) VALUES
(1,'ru','25 ноября 2026 — Душанбе'),
(2,'ru','Международный форум угольной промышленности'),
(3,'ru','Таджикистан 2026'),
(4,'ru','Формируя будущее угля Центральной Азии: рост, инновации и устойчивое развитие'),
(5,'ru','Зарегистрироваться'),
(6,'ru','О форуме'),
(7,'ru','<p>Первый в истории Международный форум угольной промышленности в Таджикистане объединяет лидеров отрасли, государственных чиновников, инвесторов и экспертов из Центральной Азии и за её пределами. Форум организован Министерством промышленности и новых технологий Республики Таджикистан.</p>'),
(8,'ru','<p>Мероприятие демонстрирует потенциал угольной отрасли Таджикистана, развивает международное сотрудничество и представляет современные подходы к добыче, экологической устойчивости и инвестиционным возможностям.</p>'),
(9,'ru','Ключевые темы'),
(10,'ru','Шесть основных направлений, формирующих будущее угля Центральной Азии'),
(11,'ru','Партнёры и спонсоры'),
(12,'ru','Организации, поддерживающие развитие угольной отрасли'),
(17,'ru','<p>Международный форум угольной промышленности Таджикистана 2026 — знаковое событие, посвящённое развитию и модернизации угольной отрасли Республики Таджикистан и Центральной Азии в целом.</p>'),
(18,'ru','<p>Впервые в Таджикистане соберутся ведущие эксперты, государственные чиновники, инвесторы, горнодобывающие компании и международные организации для обсуждения текущего состояния и перспектив отрасли в регионе.</p>'),
(19,'ru','<p>Форум станет площадкой для обмена знаниями, делового нетворкинга и стратегических дискуссий, определяющих траекторию развития угольной промышленности на годы вперёд.</p>'),
(20,'ru','<p>Таджикистан располагает значительными запасами угля, оцениваемыми более чем в 4 миллиарда тонн, с крупными месторождениями в бассейнах Фан-Ягноб, Назар-Айлок, Шураб и Зидди.</p>'),
(21,'ru','<p>Угольная отрасль играет важнейшую роль в энергетической безопасности страны, особенно в зимний период, когда выработка гидроэнергии ограничена. Правительство определило развитие угольного сектора как стратегический приоритет.</p>'),
(22,'ru','<p>В условиях растущего спроса на энергию и необходимости диверсификации источников угольный сектор Таджикистана открывает существенные возможности для модернизации, инвестиций и международного партнёрства.</p>'),
(23,'ru','Руководство форума'),
(24,'ru','Высшие должностные лица, определяющие развитие угольной промышленности'),
(25,'ru','<p>Станьте частью одного из самых стратегических промышленных событий Центральной Азии. Встретьтесь с министрами, инвесторами и мировыми лидерами горнодобычи, формирующими следующее десятилетие энергетики и ресурсов региона.</p>'),
(26,'ru','Для получения детальной информации о возможностях партнёрства просьба связаться с оргкомитетом.');

-- Tajik values
INSERT INTO `content_block_values` (`block_id`,`lang`,`value`) VALUES
(1,'tj','25 ноябри 2026 — Душанбе'),
(2,'tj','Форуми байналмилалии саноати ангишт'),
(3,'tj','Тоҷикистон 2026'),
(4,'tj','Ташаккули ояндаи ангишти Осиёи Марказӣ: рушд, навоварӣ ва пойдории муҳит'),
(5,'tj','Сабти ном'),
(6,'tj','Дар бораи форум'),
(7,'tj','<p>Аввалин Форуми байналмилалии саноати ангишт дар Тоҷикистон пешсафони соҳа, мақомоти давлатӣ, сармоягузорон ва коршиносонро аз Осиёи Марказӣ ва берун аз он муттаҳид мекунад. Форум аз ҷониби Вазорати саноат ва технологияҳои нави Ҷумҳурии Тоҷикистон ташкил карда мешавад.</p>'),
(8,'tj','<p>Чорабинӣ нерӯи саноати ангишти Тоҷикистонро муаррифӣ намуда, ҳамкории байналмилалиро тавсеа медиҳад ва равишҳои муосирро ба истихроҷ, пойдории муҳитӣ ва имкониятҳои сармоягузорӣ пешниҳод мекунад.</p>'),
(9,'tj','Мавзӯъҳои калидӣ'),
(10,'tj','Шаш самти асосие, ки ояндаи ангишти минтақаро ташаккул медиҳанд'),
(11,'tj','Шарикон ва сарпарастон'),
(12,'tj','Созмонҳое, ки рушди саноати ангиштро дастгирӣ мекунанд'),
(17,'tj','<p>Форуми байналмилалии саноати ангишти Тоҷикистон 2026 чорабинии муҳим барои рушд ва навсозии саноати ангишти Ҷумҳурии Тоҷикистон ва Осиёи Марказӣ дар маҷмӯъ мебошад.</p>'),
(18,'tj','<p>Бори аввал дар Тоҷикистон коршиносони пешбар, мақомоти давлатӣ, сармоягузорон, ширкатҳои кӯҳкорӣ ва созмонҳои байналмилалӣ барои муҳокимаи ҳолат ва дурнамои соҳа ҷамъ меоянд.</p>'),
(19,'tj','<p>Форум майдоне барои табодули дониш, шиносоии тиҷоратӣ ва муҳокимаҳои стратегӣ хоҳад буд.</p>'),
(20,'tj','<p>Тоҷикистон захираҳои назарраси ангиштро беш аз 4 миллиард тонна доро мебошад. Конҳои асосӣ дар ҳавзаҳои Фон-Яғноб, Назар-Айлоқ, Шӯроб ва Зидди ҷойгиранд.</p>'),
(21,'tj','<p>Саноати ангишт дар таъмини бехатарии энергетикии кишвар нақши муҳим дорад, бахусус дар фасли зимистон.</p>'),
(22,'tj','<p>Бо афзоиши талабот ба энергия, бахши ангишти Тоҷикистон имкониятҳои васеи навсозӣ, сармоягузорӣ ва шарикии байналмилалиро пешниҳод мекунад.</p>'),
(23,'tj','Роҳбарияти форум'),
(24,'tj','Мақомоти олӣ, ки рушди саноати ангиштро роҳбарӣ мекунанд'),
(25,'tj','<p>Қисми яке аз стратегияҳои муҳимтарини саноатии Осиёи Марказӣ шавед.</p>'),
(26,'tj','Барои маълумоти муфассал дар бораи имкониятҳои шарикӣ бо оргкомитет тамос гиред.');

-- ---------------- Forum year: 2026 ----------------
INSERT INTO `forum_years` (`id`,`year`,`event_date`,`is_current`,`is_published`,`participants_count`,`countries_count`,`speakers_count`) VALUES
(1,2026,'2026-11-25',1,1,500,30,50);

INSERT INTO `forum_year_translations` (`forum_year_id`,`lang`,`title`,`tagline`,`venue`) VALUES
(1,'en','Coal Industry Forum 2026','First International Coal Industry Forum in Tajikistan','Kohi Borbad Congress Hall, Dushanbe'),
(1,'ru','Угольный форум 2026','Первый Международный форум угольной промышленности в Таджикистане','Конгресс-холл «Кохи Борбад», Душанбе'),
(1,'tj','Форуми ангишт 2026','Аввалин Форуми байналмилалии саноати ангишт дар Тоҷикистон','Толори Конгресси «Кохи Борбад», Душанбе');

-- ---------------- Leadership ----------------
INSERT INTO `leadership` (`id`,`photo`,`sort_order`,`is_visible`) VALUES
(1,'/uploads/leadership/pm-rasulzoda.jpg',1,1),
(2,'/uploads/leadership/min-kabir.jpg',2,1);

INSERT INTO `leadership_translations` (`leadership_id`,`lang`,`full_name`,`position`,`quote`) VALUES
(1,'en','Kokhir Rasulzoda','Prime Minister of the Republic of Tajikistan','The development of the coal industry is a strategic priority for ensuring our country''s energy security and industrial growth.'),
(1,'ru','Кохир Расулзода','Премьер-министр Республики Таджикистан','Развитие угольной промышленности — стратегический приоритет обеспечения энергетической безопасности и промышленного роста нашей страны.'),
(1,'tj','Қоҳир Расулзода','Сарвазири Ҷумҳурии Тоҷикистон','Рушди саноати ангишт самти стратегии таъмини амнияти энергетикӣ ва рушди саноатии кишвари мост.'),
(2,'en','Sherali Kabir','Minister of Industry and New Technologies of the Republic of Tajikistan','The forum opens a new chapter of international cooperation in the coal sector and modernization of mining in Central Asia.'),
(2,'ru','Шерали Кабир','Министр промышленности и новых технологий Республики Таджикистан','Форум открывает новую главу международного сотрудничества в угольном секторе и модернизации горнодобычи в Центральной Азии.'),
(2,'tj','Шералӣ Кабир','Вазири саноат ва технологияҳои нави Ҷумҳурии Тоҷикистон','Форум боби нави ҳамкории байналмилалӣ дар бахши ангишт ва навсозии кӯҳкории Осиёи Марказиро мекушояд.');

-- ---------------- Topics for 2026 ----------------
INSERT INTO `topics` (`id`,`forum_year_id`,`icon`,`sort_order`) VALUES
(1,1,'mining',1),(2,1,'technology',2),(3,1,'ecology',3),
(4,1,'investment',4),(5,1,'trade',5),(6,1,'safety',6);

INSERT INTO `topic_translations` (`topic_id`,`lang`,`title`,`description`) VALUES
(1,'en','State and Outlook of Central Asian Coal','Regional market analysis, production trends, and strategic outlook for coal-producing nations of Central Asia.'),
(1,'ru','Состояние и перспективы угольной промышленности Центральной Азии','Анализ регионального рынка, тенденции производства и стратегические перспективы стран региона.'),
(1,'tj','Ҳолат ва дурнамои ангишти Осиёи Марказӣ','Таҳлили бозори минтақавӣ, тамоюлҳои истеҳсолот ва дурнамои стратегии кишварҳои минтақа.'),

(2,'en','Modern Mining Technologies and Equipment','Innovations in extraction methods, automation, digitalization, and advanced equipment from leading global manufacturers.'),
(2,'ru','Современные технологии и оборудование для добычи угля','Инновации в методах добычи, автоматизация, цифровизация и передовое оборудование ведущих мировых производителей.'),
(2,'tj','Технологияҳо ва таҷҳизоти муосири истихроҷи ангишт','Навовариҳо дар методҳои истихроҷ, автоматикунонӣ, рақамикунонӣ ва таҷҳизоти пешрафта.'),

(3,'en','Environmental Sustainability and Clean Coal','Clean coal technologies, carbon capture, emission reduction strategies, and environmental rehabilitation of mining sites.'),
(3,'ru','Экологическая устойчивость и зелёные угольные технологии','Чистые угольные технологии, улавливание углерода, стратегии снижения выбросов и рекультивация шахтных территорий.'),
(3,'tj','Пойдории муҳитӣ ва технологияҳои сабзи ангишт','Технологияҳои тозаи ангишт, гирифтани карбон, стратегияҳои коҳиши партовҳо.'),

(4,'en','Investment Opportunities in Tajikistan''s Mining Sector','Investment incentives, regulatory framework, and major projects available for international investors.'),
(4,'ru','Инвестиционные возможности горнорудного сектора Таджикистана','Инвестиционные стимулы, нормативная база и крупные проекты для международных инвесторов.'),
(4,'tj','Имкониятҳои сармоягузорӣ дар бахши кӯҳкории Тоҷикистон','Ҳавасмандсозиҳои сармоягузорӣ, заминаи қонунгузорӣ ва лоиҳаҳои бузург.'),

(5,'en','International Trade and Coal Logistics','Cross-border trade dynamics, logistics infrastructure, export potential, and multilateral cooperation frameworks.'),
(5,'ru','Международная торговля и трансграничная логистика угля','Динамика трансграничной торговли, логистическая инфраструктура, экспортный потенциал и многостороннее сотрудничество.'),
(5,'tj','Тиҷорати байналмилалӣ ва логистикаи фаромарзии ангишт','Динамикаи тиҷорати фаромарзӣ, инфрасохтори логистикӣ ва нерӯи содиротӣ.'),

(6,'en','Workforce Development and Safety Standards','Training programs, safety protocols, international best practices and workforce modernization strategies.'),
(6,'ru','Кадровый потенциал и стандарты безопасности','Программы обучения, протоколы безопасности, лучшие международные практики и стратегии модернизации.'),
(6,'tj','Нерӯи кадрӣ ва меъёрҳои бехатарӣ','Барномаҳои омӯзишӣ, протоколҳои бехатарӣ ва амалияҳои беҳтарини байналмилалӣ.');

-- ---------------- Program items (2026, based on official PDF) ----------------
INSERT INTO `program_items` (`id`,`forum_year_id`,`day_number`,`time_start`,`time_end`,`block_label`,`hall`,`tag`,`sort_order`) VALUES
(1,1,1,'08:00','09:00','I','Foyer · Main Hall','registration',1),
(2,1,1,'09:00','09:30','II','Main Hall','opening',2),
(3,1,1,'09:30','11:00','II','Main Hall','plenary',3),
(4,1,1,'11:00','11:30',NULL,'Foyer','break',4),
(5,1,1,'11:30','13:00','III','Hall A','panel',5),
(6,1,1,'11:30','13:00','III','Hall B','panel',6),
(7,1,1,'13:00','14:00',NULL,'Foyer / Hall D','break',7),
(8,1,1,'14:00','15:30','IV','Hall A','panel',8),
(9,1,1,'14:00','15:30','IV','Hall B','panel',9),
(10,1,1,'15:30','16:00',NULL,'Matchmaking Zone','break',10),
(11,1,1,'16:00','17:30','IV','Hall A','panel',11),
(12,1,1,'16:00','17:30','IV','Hall B','panel',12),
(13,1,1,'17:30','18:30','V','Main Hall','ceremony',13),
(14,1,1,'18:30','19:00','V','Main Hall','closing',14),
(15,1,1,'19:00','19:30','V','Press Hall','press',15),
(16,1,1,'19:30','21:30','VI','Banquet Hall','reception',16);

INSERT INTO `program_item_translations` (`program_item_id`,`lang`,`title`,`description`) VALUES
(1,'en','Registration & Welcome Coffee','Badge collection, information packs, delegate accommodation. Exhibition zone preview in the foyer of the main hall.'),
(1,'ru','Регистрация участников и приветственный кофе','Получение бейджей, информационных пакетов, размещение делегатов. Знакомство с выставочной зоной (фойе главного зала).'),
(1,'tj','Сабти ном ва қаҳваи хушомадгӯӣ','Гирифтани нишон, бастаҳои иттилоотӣ, ҷойгиркунии делегатҳо. Шиносоӣ бо минтақаи намоишгоҳӣ.'),

(2,'en','Official Opening of the Forum','National Anthem of the Republic of Tajikistan. Opening address by the Minister of Industry and New Technologies. Welcome message of the President of the Republic of Tajikistan H.E. Emomali Rahmon.'),
(2,'ru','Торжественное открытие форума','Государственный гимн Республики Таджикистан. Вступительное слово Министра промышленности и новых технологий. Приветственное послание Президента Республики Таджикистан Уважаемого Эмомали Рахмона.'),
(2,'tj','Кушоиши тантанавии форум','Суруди миллии Ҷумҳурии Тоҷикистон. Сухани ифтитоҳии Вазир. Паёми табрикии Президент Эмомалӣ Раҳмон.'),

(3,'en','High-Level Plenary: "Coal of Central Asia — Strategy 2030"','Addresses by heads of delegations, ministers and leaders of international organizations on regional coal sector prospects, balance of traditional energy and climate commitments, investment priorities. Moderator: representative of S&P Global Commodity Insights.'),
(3,'ru','Пленарная сессия высокого уровня: «Уголь Центральной Азии — стратегия 2030»','Выступления глав делегаций, министров и руководителей международных организаций о перспективах развития угольной промышленности региона, балансе традиционной энергетики и климатических обязательств, инвестиционных приоритетах. Модератор — представитель S&P Global Commodity Insights.'),
(3,'tj','Сессияи пленарии сатҳи баланд: «Ангишти Осиёи Марказӣ — стратегияи 2030»','Баромадҳои сардорони ҳайатҳо, вазирон ва роҳбарони созмонҳои байналмилалӣ дар бораи дурнамои рушди соҳа, тавозуни энергетикаи анъанавӣ ва уҳдадориҳои иқлимӣ.'),

(4,'en','Coffee Break · Networking · Exhibition','Networking with delegates and visit to the partner exhibition area.'),
(4,'ru','Кофе-брейк · нетворкинг · работа выставки','Общение с делегатами и посещение выставочной зоны партнёров.'),
(4,'tj','Танаффуси қаҳва · шиносоӣ · намоишгоҳ','Шиносоӣ бо делегатҳо ва намоишгоҳи шарикон.'),

(5,'en','Panel 1. State and Outlook of Central Asian Coal','Regional overview: production, consumption, exports. National strategies of Tajikistan, Kazakhstan, Uzbekistan, Kyrgyzstan. Impact of Russian and Chinese markets. Demand forecast to 2030.'),
(5,'ru','Сессия 1. Состояние и перспективы угольной промышленности Центральной Азии','Региональный обзор: производство, потребление, экспорт. Национальные стратегии Таджикистана, Казахстана, Узбекистана, Кыргызстана. Влияние российского и китайского рынков. Прогноз спроса до 2030 года.'),
(5,'tj','Сессияи 1. Ҳолат ва дурнамои ангишти Осиёи Марказӣ','Тасвири минтақавӣ: истеҳсолот, истеъмол, содирот. Стратегияҳои миллӣ.'),

(6,'en','Panel 2. Modern Mining Technologies and Equipment','Automation and digitalization of mines. Unmanned mining. IoT and predictive analytics. Presentations by leading equipment manufacturers: Komatsu, Caterpillar, Sandvik, Epiroc, XCMG, China Coal Energy.'),
(6,'ru','Сессия 2. Современные технологии и оборудование для добычи угля','Автоматизация и цифровизация шахт. Безлюдная добыча. IoT и предиктивная аналитика. Презентации крупнейших производителей оборудования: Komatsu, Caterpillar, Sandvik, Epiroc, XCMG, China Coal Energy.'),
(6,'tj','Сессияи 2. Технологияҳо ва таҷҳизоти муосири истихроҷи ангишт','Автоматикунонии конҳо, истихроҷи бе одам, IoT ва таҳлили пешгӯикунанда.'),

(7,'en','Lunch · Exhibition · B2B Talks','Lunch break with B2B negotiations and exhibition activity.'),
(7,'ru','Обед · работа выставки · переговоры B2B','Обеденный перерыв с B2B-переговорами и работой выставочной зоны.'),
(7,'tj','Хӯроки нисфирӯзӣ · намоишгоҳ · музокироти B2B','Танаффуси хӯрок бо музокироти B2B.'),

(8,'en','Panel 3. Environmental Sustainability and Clean Coal','Clean Coal Technologies (CCT). Carbon Capture, Storage and Utilization (CCS/CCUS). Methane emission reduction. Mine site rehabilitation. ESG standards and requirements of multilateral development banks.'),
(8,'ru','Сессия 3. Экологическая устойчивость и зелёные угольные технологии','Чистые угольные технологии (CCT). Улавливание, хранение и утилизация углерода (CCS/CCUS). Снижение выбросов метана. Рекультивация шахтных территорий. ESG-стандарты и требования многосторонних банков развития.'),
(8,'tj','Сессияи 3. Пойдории муҳитӣ ва технологияҳои сабзи ангишт','Технологияҳои тозаи ангишт. CCS/CCUS. Коҳиши партовҳои метан.'),

(9,'en','Panel 4. Investment Opportunities in Tajikistan''s Mining Sector','State Committee on Investments presents the investment regime, tax incentives, concession agreement framework. Project portfolio: Fan-Yagnob TPP (600–700 MW, $500M), Shurab modernization, Nazar-Aylok development.'),
(9,'ru','Сессия 4. Инвестиционные возможности горнорудного сектора Таджикистана','Государственный комитет по инвестициям РТ представит инвестиционный режим, налоговые льготы, особенности заключения концессионных соглашений. Презентация портфеля проектов: Фан-Ягнобская ТЭЦ (600–700 МВт, $500 млн), модернизация Шураб, развитие Назар-Айлок.'),
(9,'tj','Сессияи 4. Имкониятҳои сармоягузорӣ дар бахши кӯҳкории Тоҷикистон','Кумитаи давлатӣ оид ба сармоягузорӣ режими сармоягузорӣ, имтиёзҳои андоз ва шартномаҳои консессионӣ пешниҳод мекунад.'),

(10,'en','Coffee Break · B2B Matchmaking','Pre-scheduled bilateral meetings in the matchmaking zone.'),
(10,'ru','Кофе-брейк · B2B-встречи в матчмейкинг-зоне','Двусторонние встречи по предварительной записи.'),
(10,'tj','Танаффуси қаҳва · вохӯриҳои B2B','Вохӯриҳои дуҷониба бо қайди пешакӣ.'),

(11,'en','Panel 5. International Trade and Cross-Border Coal Logistics','North–South and East–West transport corridors. Export potential of Tajik coal to Afghanistan, Pakistan, Iran, China. Rail and road logistics. Tariff policy. Creation of logistics hubs.'),
(11,'ru','Сессия 5. Международная торговля и трансграничная логистика угля','Транспортные коридоры «Север–Юг» и «Восток–Запад». Экспортный потенциал таджикского угля в Афганистан, Пакистан, Иран, Китай. Железнодорожная и автомобильная логистика. Тарифная политика. Создание логистических хабов.'),
(11,'tj','Сессияи 5. Тиҷорати байналмилалӣ ва логистикаи фаромарзии ангишт','Долонҳои нақлиётии Шимол–Ҷануб ва Шарқ–Ғарб. Нерӯи содирот ба Афғонистон, Покистон, Эрон, Чин.'),

(12,'en','Panel 6. Workforce and Safety Standards','Training programmes for miners and mining engineers. International safety standards (ILO Code of Practice). Bilateral partnerships with mining universities. Digital twins and VR simulators. Re-skilling programmes for coal regions.'),
(12,'ru','Сессия 6. Кадровый потенциал и стандарты безопасности','Программы подготовки шахтёров и горных инженеров. Международные стандарты безопасности горных работ (ILO Code of Practice). Двусторонние партнёрства с горными университетами. Цифровые двойники и VR-тренажёры. Программы переобучения работников угольных регионов.'),
(12,'tj','Сессияи 6. Нерӯи кадрӣ ва меъёрҳои бехатарӣ','Барномаҳои тайёрии конканҳо ва муҳандисон. Меъёрҳои байналмилалии бехатарӣ. VR-симуляторҳо.'),

(13,'en','Signing Ceremony of Agreements and MOUs','Formal signing of bilateral and multilateral agreements reached during the forum. MOUs between Tajik enterprises and foreign holdings, agreements with international associations, academic cooperation programmes.'),
(13,'ru','Церемония подписания соглашений и меморандумов','Торжественное подписание двусторонних и многосторонних соглашений, достигнутых в ходе форума. Меморандумы о намерениях между предприятиями РТ и иностранными холдингами, соглашения с международными ассоциациями, программы академического сотрудничества.'),
(13,'tj','Маросими имзои созишномаҳо ва меморандумҳо','Имзои тантанавии созишномаҳои дуҷониба ва бисёрҷониба.'),

(14,'en','Closing Session · Forum Declaration','Summary of all sessions. Presentation and adoption of the Forum Declaration. Announcement of the 2027 edition venue and date.'),
(14,'ru','Заключительная сессия. Декларация форума','Подведение итогов сессий. Презентация и принятие Декларации Международного форума угольной промышленности Таджикистана. Объявление о месте и дате проведения форума 2027 года.'),
(14,'tj','Сессияи хотимавӣ. Декларатсияи форум','Ҷамъбасти сессияҳо. Қабули Декларатсияи Форум. Эълони ҷой ва санаи форуми 2027.'),

(15,'en','Press Briefing','Joint briefing of the Minister of Industry and New Technologies and heads of foreign delegations. Q&A with journalists.'),
(15,'ru','Брифинг для прессы','Совместный брифинг Министра промышленности и новых технологий РТ и глав иностранных делегаций. Ответы на вопросы журналистов.'),
(15,'tj','Брифинги матбуот','Брифинги муштараки Вазир ва сардорони ҳайатҳои хориҷӣ.'),

(16,'en','Official Reception','Official reception on behalf of the Ministry of Industry and New Technologies of the Republic of Tajikistan.'),
(16,'ru','Официальный приём','Официальный приём от имени Министерства промышленности и новых технологий Республики Таджикистан.'),
(16,'tj','Қабули расмӣ','Қабули расмӣ аз номи Вазорати саноат ва технологияҳои нав.');

-- ---------------- Investor packages (no sums shown publicly) ----------------
INSERT INTO `investor_packages` (`id`,`icon`,`is_featured`,`sort_order`) VALUES
(1,'strategic',1,1),(2,'general',0,2),(3,'media',0,3),(4,'session',0,4);

INSERT INTO `investor_package_translations` (`package_id`,`lang`,`name`,`tagline`,`benefits`) VALUES
(1,'en','Strategic Partner','Premier visibility across every forum touchpoint','Logo on stage backdrop and printed materials\nKeynote slot in the plenary session\nDedicated VIP lounge\nExclusive media coverage\n10 VIP delegate passes\nPress conference participation\nFull-page advertisement in forum catalogue'),
(1,'ru','Стратегический партнёр','Премиальная видимость во всех точках контакта форума','Логотип на главной сцене и в печатных материалах\nКлючевое выступление на пленарной сессии\nVIP-зона форума\nЭксклюзивное медиаосвещение\n10 VIP-пропусков\nУчастие в пресс-конференции\nПолностраничная реклама в каталоге форума'),
(1,'tj','Шарики стратегӣ','Намоиши олӣ дар ҳама нуқтаҳои тамоси форум','Логотип дар саҳнаи асосӣ\nБаромад дар сессияи пленарӣ\nМинтақаи VIP\nПӯшонии иттилоотӣ\n10 раводиди VIP'),

(2,'en','General Partner','Strong presence in plenary and panel sessions','Logo placement in main hall\nPanel speaking slot\n5 delegate passes\nHalf-page advertisement\nLogo in printed programme\nBranded networking area'),
(2,'ru','Генеральный партнёр','Уверенное присутствие на пленарной и панельных сессиях','Размещение логотипа в главном зале\nВыступление в панельной сессии\n5 пропусков делегата\nРеклама на полстраницы\nЛоготип в печатной программе\nБрендированная зона нетворкинга'),
(2,'tj','Шарики генералӣ','Иштироки фаъол дар сессияҳои пленарӣ ва панелӣ','Ҷойгиркунии логотип дар толори асосӣ\nБаромад дар сессияи панелӣ\n5 раводид'),

(3,'en','Media Partner','Co-shape the narrative of the forum','Logo in press materials and forum website\nDedicated press room access\nInterview opportunities with senior officials\nContent collaboration on news features\nPress accreditation'),
(3,'ru','Медиа-партнёр','Формируйте повестку форума совместно','Логотип в пресс-материалах и на сайте форума\nДоступ в специальный пресс-зал\nИнтервью с высокопоставленными лицами\nКонтентное сотрудничество\nПресс-аккредитация'),
(3,'tj','Шарики ВАО','Барномаи иттилоотии форум','Логотип дар маводи матбуотӣ ва сомонаи форум\nДастрасӣ ба толори матбуот'),

(4,'en','Session Sponsor','Own a thematic panel of the forum','Branding of selected panel session\nIntroduction speech by sponsor representative\nLogo on session backdrop\n3 delegate passes\nMention in session press release'),
(4,'ru','Спонсор сессии','Возьмите под опеку тематическую панель','Брендинг выбранной сессии\nВступительная речь представителя спонсора\nЛоготип на фоне сессии\n3 пропуска делегата\nУпоминание в пресс-релизе сессии'),
(4,'tj','Сарпарасти сессия','Сарпарастии як панели мавзӯӣ','Брендинги сессияи интихобшуда\nСухани муаррифии намоянда\nЛоготип');

-- ---------------- Downloads (link the PDFs we have to RU; placeholders for EN/TJ) ----------------
INSERT INTO `downloads` (`forum_year_id`,`doc_type`,`lang`,`file_path`,`original_name`) VALUES
(1,'concept','ru','/uploads/downloads/concept_ru.pdf','Концепт-нота форума (RU).pdf'),
(1,'program','ru','/uploads/downloads/program_ru.pdf','Программа форума (RU).pdf'),
(1,'concept','en','/uploads/downloads/concept_ru.pdf','Concept Note (RU edition).pdf'),
(1,'program','en','/uploads/downloads/program_ru.pdf','Program (RU edition).pdf'),
(1,'concept','tj','/uploads/downloads/concept_ru.pdf','Консепт-нота (RU).pdf'),
(1,'program','tj','/uploads/downloads/program_ru.pdf','Барномаи форум (RU).pdf');

-- ---------------- Sample news ----------------
INSERT INTO `news` (`id`,`slug`,`cover_image`,`is_published`,`published_at`,`forum_year_id`) VALUES
(1,'forum-announced-2026',NULL,1,'2026-05-01 10:00:00',1),
(2,'concept-note-published',NULL,1,'2026-05-15 12:00:00',1),
(3,'registration-open',NULL,1,'2026-06-01 09:00:00',1);

INSERT INTO `news_translations` (`news_id`,`lang`,`title`,`excerpt`,`body`) VALUES
(1,'en','Tajikistan to Host First International Coal Industry Forum in 2026','The Ministry of Industry and New Technologies officially announces the inaugural Coal Industry Forum to be held on November 25, 2026 in Dushanbe.','<p>The Government of Tajikistan, represented by the Ministry of Industry and New Technologies, officially announces the first International Coal Industry Forum to take place on November 25, 2026 at the Kohi Borbad Congress Hall in Dushanbe.</p><p>The forum will gather over 500 delegates from more than 30 countries and aims to position Tajikistan as a strategic hub for the coal industry in Central Asia.</p>'),
(1,'ru','Таджикистан проведёт первый Международный форум угольной промышленности в 2026 году','Министерство промышленности и новых технологий официально объявляет о проведении 25 ноября 2026 года Международного форума угольной промышленности в Душанбе.','<p>Правительство Республики Таджикистан в лице Министерства промышленности и новых технологий официально объявляет о проведении первого Международного форума угольной промышленности 25 ноября 2026 года в Конгресс-холле «Кохи Борбад» в Душанбе.</p><p>На форуме соберутся более 500 делегатов из более чем 30 стран. Цель — позиционирование Таджикистана как стратегического центра угольной промышленности Центральной Азии.</p>'),
(1,'tj','Тоҷикистон Форуми байналмилалии саноати ангиштро дар соли 2026 баргузор мекунад','Вазорати саноат ва технологияҳои нав расман эълон мекунад, ки форум 25 ноябри 2026 дар Душанбе баргузор мегардад.','<p>Ҳукумати Ҷумҳурии Тоҷикистон дар шахси Вазорати саноат ва технологияҳои нав расман эълон мекунад, ки 25 ноябри 2026 Форуми байналмилалии саноати ангишт дар Толори Конгресси «Кохи Борбад»-и Душанбе баргузор мегардад.</p>'),

(2,'en','Forum Concept Note Officially Published','The full concept document outlining goals, structure and key topics of the forum is now available for download in all three working languages.','<p>The Organizing Committee has officially published the Concept Note of the International Coal Industry Forum Tajikistan 2026. The document is available on the About page and contains the full thematic and procedural framework of the forum.</p>'),
(2,'ru','Концепт-нота форума официально опубликована','Полный документ с целями, структурой и ключевыми темами форума теперь доступен для скачивания на всех трёх рабочих языках.','<p>Оргкомитет официально опубликовал Концепт-ноту Международного форума угольной промышленности Таджикистана 2026. Документ доступен на странице «О форуме» и содержит полную тематическую и процедурную основу форума.</p>'),
(2,'tj','Консепт-нотаи форум расман нашр шуд','Ҳуҷҷати пурра бо ҳадафҳо, сохтор ва мавзӯъҳои калидӣ ҳоло барои боргирӣ дастрас аст.','<p>Оргкомитети форум расман Консепт-нотаи Форуми байналмилалии саноати ангишти Тоҷикистон 2026-ро нашр кард.</p>'),

(3,'en','Delegate Registration Now Open','Online registration for delegates, speakers, press and investors is officially open. Limited seats — early registration is recommended.','<p>Delegate registration for the International Coal Industry Forum Tajikistan 2026 is now officially open through the forum''s digital platform. Participants can register as delegates, speakers, press representatives or investors.</p><p>All applications go through an email verification process and are confirmed by the Organizing Committee within 5 working days.</p>'),
(3,'ru','Регистрация делегатов открыта','Онлайн-регистрация для делегатов, спикеров, прессы и инвесторов официально открыта. Количество мест ограничено — рекомендуем регистрироваться заранее.','<p>Регистрация делегатов на Международный форум угольной промышленности Таджикистана 2026 официально открыта на цифровой платформе форума. Участники могут зарегистрироваться как делегаты, спикеры, представители прессы или инвесторы.</p><p>Все заявки проходят процедуру верификации электронной почты и подтверждаются оргкомитетом в течение 5 рабочих дней.</p>'),
(3,'tj','Сабти ном барои делегатҳо кушода шуд','Сабти номи онлайн барои делегатҳо, суханварон, матбуот ва сармоягузорон расман кушода аст.','<p>Сабти ном барои Форуми байналмилалии саноати ангишти Тоҷикистон 2026 расман кушода шуд. Иштирокчиён метавонанд сабти ном шаванд.</p>');
